Pregnancies,Glucose,BloodPressure,BMI,DiabetesPedigreeFunction,Age,Outcome
6,148,72,33.6,0.627,50,1
1,85,66,26.6,0.35100000000000003,31,0
8,183,64,23.3,0.672,32,1
1,89,66,28.1,0.16699999999999998,21,0
0,137,40,43.1,2.2880000000000003,33,1
5,116,74,25.6,0.201,30,0
3,78,50,31.0,0.248,26,1
10,115,69,35.3,0.134,29,0
2,197,70,30.5,0.158,53,1
8,125,96,32.0,0.23199999999999998,54,1
4,110,92,37.6,0.191,30,0
10,168,74,38.0,0.537,34,1
10,139,80,27.1,1.4409999999999998,57,0
1,189,60,30.1,0.39799999999999996,59,1
5,166,72,25.8,0.5870000000000001,51,1
7,100,69,30.0,0.484,32,1
0,118,84,45.8,0.551,31,1
7,107,74,29.6,0.254,31,1
1,103,30,43.3,0.183,33,0
1,115,70,34.6,0.529,32,1
3,126,88,39.3,0.7040000000000001,27,0
8,99,84,35.4,0.38799999999999996,50,0
7,196,90,39.8,0.451,41,1
9,119,80,29.0,0.263,29,1
11,143,94,36.6,0.254,51,1
10,125,70,31.1,0.205,41,1
7,147,76,39.4,0.257,43,1
1,97,66,23.2,0.48700000000000004,22,0
13,145,82,22.2,0.245,57,0
5,117,92,34.1,0.337,38,0
5,109,75,36.0,0.546,60,0
3,158,76,31.6,0.851,28,1
3,88,58,24.8,0.267,22,0
6,92,92,19.9,0.188,28,0
10,122,78,27.6,0.512,45,0
4,103,60,24.0,0.966,33,0
11,138,76,33.2,0.42,35,0
9,102,76,32.9,0.665,46,1
2,90,68,38.2,0.503,27,1
4,111,72,37.1,1.39,56,1
3,180,64,34.0,0.271,26,0
7,133,84,40.2,0.696,37,0
7,106,92,22.7,0.235,48,0
9,171,110,45.4,0.721,54,1
7,159,64,27.4,0.294,40,0
0,180,66,42.0,1.893,25,1
1,146,56,29.7,0.564,29,0
2,71,70,28.0,0.586,22,0
7,103,66,39.1,0.344,31,1
7,105,69,32.0,0.305,24,0
1,103,80,19.4,0.491,22,0
1,101,50,24.2,0.526,26,0
5,88,66,24.4,0.342,30,0
8,176,90,33.7,0.467,58,1
7,150,66,34.7,0.718,42,0
1,73,50,23.0,0.248,21,0
7,187,68,37.7,0.254,41,1
0,100,88,46.8,0.9620000000000001,31,0
0,146,82,40.5,1.781,44,0
0,105,64,41.5,0.17300000000000001,22,0
2,84,69,32.0,0.304,21,0
8,133,72,32.9,0.27,39,1
5,44,62,25.0,0.5870000000000001,36,0
2,141,58,25.4,0.6990000000000001,24,0
7,114,66,32.8,0.258,42,1
5,99,74,29.0,0.203,32,0
0,109,88,32.5,0.855,38,1
2,109,92,42.7,0.845,54,0
1,95,66,19.6,0.33399999999999996,25,0
4,146,85,28.9,0.18899999999999997,27,0
2,100,66,32.9,0.867,28,1
5,139,64,28.6,0.41100000000000003,26,0
13,126,90,43.4,0.583,42,1
4,129,86,35.1,0.231,23,0
1,79,75,32.0,0.396,22,0
1,121,48,24.7,0.14,22,0
7,62,78,32.6,0.391,41,0
5,95,72,37.7,0.37,27,0
0,131,69,43.2,0.27,26,1
2,112,66,25.0,0.307,24,0
3,113,44,22.4,0.14,22,0
2,74,69,32.0,0.102,22,0
7,83,78,29.3,0.767,36,0
0,101,65,24.6,0.237,22,0
5,137,108,48.8,0.22699999999999998,37,1
2,110,74,32.4,0.698,27,0
13,106,72,36.6,0.17800000000000002,45,0
2,100,68,38.5,0.324,26,0
15,136,70,37.1,0.153,43,1
1,107,68,26.5,0.165,24,0
1,80,55,19.1,0.258,21,0
4,123,80,32.0,0.44299999999999995,34,0
7,81,78,46.7,0.261,42,0
4,134,72,23.8,0.27699999999999997,60,1
2,142,82,24.7,0.7609999999999999,21,0
6,144,72,33.9,0.255,40,0
2,92,62,31.6,0.13,24,0
1,71,48,20.4,0.32299999999999995,22,0
6,93,50,28.7,0.35600000000000004,23,0
1,122,90,49.7,0.325,31,1
1,163,72,39.0,1.222,33,1
1,151,60,26.1,0.179,22,0
0,125,96,22.5,0.262,21,0
1,81,72,26.6,0.28300000000000003,24,0
2,85,65,39.6,0.93,27,0
1,126,56,28.7,0.8009999999999999,21,0
1,96,122,22.4,0.207,27,0
4,144,58,29.5,0.287,37,0
3,83,58,34.3,0.336,25,0
0,95,85,37.4,0.247,24,1
3,171,72,33.3,0.19899999999999998,24,1
8,155,62,34.0,0.5429999999999999,46,1
1,89,76,31.2,0.192,23,0
4,76,62,34.0,0.391,25,0
7,160,54,30.5,0.588,39,1
4,146,92,31.2,0.539,61,1
5,124,74,34.0,0.22,38,1
5,78,48,33.7,0.654,25,0
4,97,60,28.2,0.44299999999999995,22,0
4,99,76,23.2,0.223,21,0
0,162,76,53.2,0.759,25,1
6,111,64,34.2,0.26,24,0
2,107,74,33.6,0.40399999999999997,23,0
5,132,80,26.8,0.18600000000000003,69,0
0,113,76,33.3,0.278,23,1
1,88,30,55.0,0.496,26,1
3,120,70,42.9,0.452,30,0
1,118,58,33.3,0.261,23,0
1,117,88,34.5,0.40299999999999997,40,1
0,105,84,27.9,0.741,62,1
4,173,70,29.7,0.361,33,1
9,122,56,33.3,1.114,33,1
3,170,64,34.5,0.35600000000000004,30,1
8,84,74,38.3,0.457,39,0
2,96,68,21.1,0.647,26,0
2,125,60,33.8,0.08800000000000001,31,0
0,100,70,30.8,0.597,21,0
0,93,60,28.7,0.532,22,0
0,129,80,31.2,0.703,29,0
5,105,72,36.9,0.159,28,0
3,128,78,21.1,0.268,55,0
5,106,82,39.5,0.28600000000000003,38,0
2,108,52,32.5,0.318,22,0
10,108,66,32.4,0.272,42,1
4,154,62,32.8,0.237,23,0
0,102,75,32.0,0.5720000000000001,21,0
9,57,80,32.8,0.096,41,0
2,106,64,30.5,1.4,34,0
5,147,78,33.7,0.218,65,0
2,90,70,27.3,0.085,22,0
1,136,74,37.4,0.39899999999999997,24,0
4,114,65,21.9,0.43200000000000005,37,0
9,156,86,34.3,1.189,42,1
1,153,82,40.6,0.687,23,0
8,188,78,47.9,0.13699999999999998,43,1
7,152,88,50.0,0.337,36,1
2,99,52,24.6,0.637,21,0
1,109,56,25.2,0.833,23,0
2,88,74,29.0,0.22899999999999998,22,0
17,163,72,40.9,0.8170000000000001,47,1
4,151,90,29.7,0.294,36,0
7,102,74,37.2,0.204,45,0
0,114,80,44.2,0.16699999999999998,27,0
2,100,64,29.7,0.368,21,0
0,131,88,31.6,0.743,32,1
6,104,74,29.9,0.722,41,1
3,148,66,32.5,0.256,22,0
4,120,68,29.6,0.7090000000000001,34,0
4,110,66,31.9,0.47100000000000003,29,0
3,111,90,28.4,0.495,29,0
6,102,82,30.8,0.18,36,1
6,134,70,35.4,0.542,29,1
2,87,69,28.9,0.773,25,0
1,79,60,43.5,0.6779999999999999,23,0
2,75,64,29.7,0.37,33,0
8,179,72,32.7,0.7190000000000001,36,1
6,85,78,31.2,0.382,42,0
0,129,110,67.1,0.319,26,1
5,143,78,45.0,0.19,47,0
5,130,82,39.1,0.956,37,1
6,87,80,23.2,0.084,32,0
0,119,64,34.9,0.725,23,0
1,121,74,27.7,0.299,21,0
5,73,60,26.8,0.268,27,0
4,141,74,27.6,0.244,40,0
7,194,68,35.9,0.745,41,1
8,181,68,30.1,0.615,60,1
1,128,98,32.0,1.321,33,1
8,109,76,27.9,0.64,31,1
5,139,80,31.6,0.361,25,1
3,111,62,22.6,0.142,21,0
9,123,70,33.1,0.374,40,0
7,159,66,30.4,0.38299999999999995,36,1
11,135,69,52.3,0.578,40,1
8,85,55,24.4,0.136,42,0
5,158,84,39.4,0.395,29,1
1,105,58,24.3,0.187,21,0
3,107,62,22.9,0.6779999999999999,23,1
4,109,64,34.8,0.905,26,1
4,148,60,30.9,0.15,29,1
0,113,80,31.0,0.8740000000000001,21,0
1,138,82,40.1,0.23600000000000002,28,0
0,108,68,27.3,0.787,32,0
2,99,70,20.4,0.235,27,0
6,103,72,37.7,0.324,55,0
5,111,72,23.9,0.40700000000000003,27,0
8,196,76,37.5,0.605,57,1
5,162,104,37.7,0.151,52,1
1,96,64,33.2,0.289,21,0
7,184,84,35.5,0.355,41,1
2,81,60,27.7,0.29,25,0
0,147,85,42.8,0.375,24,0
7,179,95,34.2,0.16399999999999998,60,0
0,140,65,42.6,0.431,24,1
9,112,82,34.2,0.26,36,1
12,151,70,41.8,0.742,38,1
5,109,62,35.8,0.514,25,1
6,125,68,30.0,0.46399999999999997,32,0
5,85,74,29.0,1.224,32,1
5,112,66,37.8,0.261,41,1
0,177,60,34.6,1.072,21,1
2,158,90,31.6,0.805,66,1
7,119,69,25.2,0.209,37,0
7,142,60,28.8,0.687,61,0
1,100,66,23.6,0.6659999999999999,26,0
1,87,78,34.6,0.10099999999999999,22,0
0,101,76,35.7,0.198,26,0
3,162,52,37.2,0.652,24,1
4,197,70,36.7,2.329,31,0
0,117,80,45.2,0.08900000000000001,24,0
4,142,86,44.0,0.645,22,1
6,134,80,46.2,0.23800000000000002,46,1
1,79,80,25.4,0.583,22,0
4,122,68,35.0,0.39399999999999996,29,0
3,74,68,29.7,0.293,23,0
4,171,72,43.6,0.479,26,1
7,181,84,35.9,0.586,51,1
0,179,90,44.1,0.6859999999999999,23,1
9,164,84,30.8,0.831,32,1
0,104,76,18.4,0.5820000000000001,27,0
1,91,64,29.2,0.192,21,0
4,91,70,33.1,0.446,22,0
3,139,54,25.6,0.402,22,1
6,119,50,27.1,1.318,33,1
2,146,76,38.2,0.32899999999999996,29,0
9,184,85,30.0,1.213,49,1
10,122,68,31.2,0.258,41,0
0,165,90,52.3,0.42700000000000005,23,0
9,124,70,35.4,0.282,34,0
1,111,86,30.1,0.14300000000000002,23,0
9,106,52,31.2,0.38,42,0
2,129,84,28.0,0.284,27,0
2,90,80,24.4,0.249,24,0
0,86,68,35.8,0.23800000000000002,25,0
12,92,62,27.6,0.9259999999999999,44,1
1,113,64,33.6,0.5429999999999999,21,1
3,111,56,30.1,0.557,30,0
2,114,68,28.7,0.092,25,0
1,193,50,25.9,0.655,24,0
11,155,76,33.3,1.3530000000000002,51,1
3,191,68,30.9,0.299,34,0
3,141,69,30.0,0.7609999999999999,27,1
4,95,70,32.1,0.612,24,0
3,142,80,32.4,0.2,63,0
4,123,62,32.0,0.226,35,1
5,96,74,33.6,0.997,43,0
0,138,69,36.3,0.9329999999999999,25,1
2,128,64,40.0,1.101,24,0
0,102,52,25.1,0.078,21,0
2,146,69,27.5,0.24,28,1
10,101,86,45.6,1.136,38,1
2,108,62,25.2,0.128,21,0
3,122,78,23.0,0.254,40,0
1,71,78,33.2,0.42200000000000004,21,0
13,106,70,34.2,0.251,52,0
2,100,70,40.5,0.677,25,0
7,106,60,26.5,0.29600000000000004,29,1
0,104,64,27.8,0.45399999999999996,23,0
5,114,74,24.9,0.7440000000000001,57,0
2,108,62,25.3,0.8809999999999999,22,0
0,146,70,37.9,0.33399999999999996,28,1
10,129,76,35.9,0.28,39,0
7,133,88,32.4,0.262,37,0
7,161,86,30.4,0.165,47,1
2,108,80,27.0,0.259,52,1
7,136,74,26.0,0.647,51,0
5,155,84,38.7,0.619,34,0
1,119,86,45.6,0.8079999999999999,29,1
4,96,56,20.8,0.34,26,0
5,108,72,36.1,0.263,33,0
0,78,88,36.9,0.434,21,0
0,107,62,36.6,0.757,25,1
2,128,78,43.3,1.224,31,1
1,128,48,40.5,0.613,24,1
0,161,50,21.9,0.254,65,0
6,151,62,35.5,0.6920000000000001,28,0
2,146,70,28.0,0.337,29,1
0,126,84,30.7,0.52,24,0
14,100,78,36.6,0.41200000000000003,46,1
8,112,72,23.6,0.84,58,0
0,167,69,32.3,0.8390000000000001,30,1
2,144,58,31.6,0.42200000000000004,25,1
5,77,82,35.8,0.156,35,0
5,115,98,52.9,0.209,28,1
3,150,76,21.0,0.207,37,0
2,120,76,39.7,0.215,29,0
10,161,68,25.5,0.326,47,1
0,137,68,24.8,0.14300000000000002,21,0
0,128,68,30.5,1.391,25,1
2,124,68,32.9,0.875,30,1
6,80,66,26.2,0.313,41,0
0,106,70,39.4,0.605,22,0
2,155,74,26.6,0.433,27,1
3,113,50,29.5,0.626,25,0
7,109,80,35.9,1.127,43,1
2,112,68,34.1,0.315,26,0
3,99,80,19.3,0.284,30,0
3,182,74,30.5,0.345,29,1
3,115,66,38.1,0.15,28,0
6,194,78,23.5,0.129,59,1
4,129,60,27.5,0.527,31,0
3,112,74,31.6,0.19699999999999998,25,1
0,124,70,27.4,0.254,36,1
13,152,90,26.8,0.731,43,1
2,112,75,35.7,0.14800000000000002,21,0
1,157,72,25.6,0.12300000000000001,24,0
1,122,64,35.1,0.6920000000000001,30,1
10,179,70,35.1,0.2,37,0
2,102,86,45.5,0.127,23,1
6,105,70,30.8,0.122,37,0
8,118,72,23.1,1.476,46,0
2,87,58,32.7,0.166,25,0
1,180,69,43.3,0.282,41,1
12,106,80,23.6,0.13699999999999998,44,0
1,95,60,23.9,0.26,22,0
0,165,76,47.9,0.259,26,0
0,117,69,33.8,0.932,44,0
5,115,76,31.2,0.34299999999999997,44,1
9,152,78,34.2,0.893,33,1
7,178,84,39.9,0.331,41,1
1,130,70,25.9,0.47200000000000003,22,0
1,95,74,25.9,0.6729999999999999,36,0
1,121,68,32.0,0.389,22,0
5,122,86,34.7,0.29,33,0
8,95,72,36.8,0.485,57,0
8,126,88,38.5,0.349,49,0
1,139,46,28.7,0.654,22,0
3,116,69,23.5,0.187,23,0
3,99,62,21.8,0.27899999999999997,26,0
5,121,80,41.0,0.34600000000000003,37,1
4,92,80,42.2,0.237,29,0
4,137,84,31.2,0.252,30,0
3,61,82,34.4,0.243,46,0
1,90,62,27.2,0.58,24,0
3,90,78,42.7,0.5589999999999999,21,0
9,165,88,30.4,0.302,49,1
1,125,50,33.3,0.9620000000000001,28,1
13,129,69,39.9,0.569,44,1
12,88,74,35.3,0.37799999999999995,48,0
1,196,76,36.5,0.875,29,1
5,189,64,31.2,0.583,29,1
5,158,70,29.8,0.207,63,0
5,103,108,39.2,0.305,65,0
4,146,78,38.5,0.52,67,1
4,147,74,34.9,0.385,30,0
5,99,54,34.0,0.499,30,0
6,124,72,27.6,0.368,29,1
0,101,64,21.0,0.252,21,0
3,81,86,27.5,0.306,22,0
1,133,102,32.8,0.23399999999999999,45,1
3,173,82,38.4,2.137,25,1
0,118,64,32.0,1.7309999999999999,21,0
0,84,64,35.8,0.545,21,0
2,105,58,34.9,0.225,25,0
2,122,52,36.2,0.816,28,0
12,140,82,39.2,0.528,58,1
0,98,82,25.2,0.299,22,0
1,87,60,37.2,0.509,22,0
4,156,75,48.3,0.23800000000000002,32,1
0,93,100,43.4,1.021,35,0
1,107,72,30.8,0.821,24,0
0,105,68,20.0,0.23600000000000002,22,0
1,109,60,25.4,0.9470000000000001,21,0
1,90,62,25.1,1.268,25,0
1,125,70,24.3,0.221,25,0
1,119,54,22.3,0.205,24,0
5,116,74,32.3,0.66,35,1
8,105,100,43.3,0.239,45,1
5,144,82,32.0,0.452,58,1
3,100,68,31.6,0.9490000000000001,28,0
1,100,66,32.0,0.444,42,0
5,166,76,45.7,0.34,27,1
1,131,64,23.7,0.389,21,0
4,116,72,22.1,0.46299999999999997,37,0
4,158,78,32.9,0.8029999999999999,31,1
2,127,58,27.7,1.6,25,0
3,96,56,24.7,0.9440000000000001,39,0
0,131,66,34.3,0.196,22,1
3,82,70,21.1,0.389,25,0
3,193,70,34.9,0.24100000000000002,25,1
4,95,64,32.0,0.161,31,1
6,137,61,24.2,0.151,55,0
5,136,84,35.0,0.28600000000000003,35,1
9,72,78,31.6,0.28,38,0
5,168,64,32.9,0.135,41,1
2,123,48,42.1,0.52,26,0
4,115,72,28.9,0.376,46,1
0,101,62,21.9,0.336,25,0
8,197,74,25.9,1.1909999999999998,39,1
1,172,68,42.4,0.7020000000000001,28,1
6,102,90,35.7,0.674,28,0
1,112,72,34.4,0.528,25,0
1,143,84,42.4,1.0759999999999998,22,0
1,143,74,26.2,0.256,21,0
0,138,60,34.6,0.534,21,1
3,173,84,35.7,0.258,22,1
1,97,68,27.2,1.095,22,0
4,144,82,38.5,0.5539999999999999,37,1
1,83,68,18.2,0.624,27,0
3,129,64,26.4,0.21899999999999997,28,1
1,119,88,45.3,0.507,26,0
2,94,68,26.0,0.561,21,0
0,102,64,40.6,0.496,21,0
2,115,64,30.8,0.42100000000000004,21,0
8,151,78,42.9,0.516,36,1
4,184,78,37.0,0.264,31,1
0,94,69,32.0,0.256,25,0
1,181,64,34.1,0.32799999999999996,38,1
0,135,94,40.6,0.284,26,0
1,95,82,35.0,0.233,43,1
2,99,69,22.2,0.10800000000000001,23,0
3,89,74,30.4,0.551,38,0
1,80,74,30.0,0.527,22,0
2,139,75,25.6,0.16699999999999998,29,0
1,90,68,24.5,1.138,36,0
0,141,69,42.4,0.205,29,1
12,140,85,37.4,0.244,41,0
5,147,75,29.9,0.434,28,0
1,97,70,18.2,0.147,21,0
6,107,88,36.8,0.727,31,0
0,189,104,34.3,0.435,41,1
2,83,66,32.2,0.49700000000000005,22,0
4,117,64,33.2,0.23,24,0
8,108,70,30.5,0.955,33,1
4,117,62,29.7,0.38,30,1
0,180,78,59.4,2.42,25,1
1,100,72,25.3,0.6579999999999999,28,0
0,95,80,36.5,0.33,26,0
0,104,64,33.6,0.51,22,1
0,120,74,30.5,0.285,26,0
1,82,64,21.2,0.415,23,0
2,134,70,28.9,0.542,23,1
0,91,68,39.9,0.381,25,0
2,119,69,19.6,0.8320000000000001,72,0
2,100,54,37.8,0.498,24,0
14,175,62,33.6,0.212,38,1
1,135,54,26.7,0.687,62,0
5,86,68,30.2,0.364,24,0
10,148,84,37.6,1.001,51,1
9,134,74,25.9,0.46,81,0
9,120,72,20.8,0.733,48,0
1,71,62,21.8,0.41600000000000004,26,0
8,74,70,35.3,0.705,39,0
5,88,78,27.6,0.258,37,0
10,115,98,24.0,1.022,34,0
0,124,56,21.8,0.452,21,0
0,74,52,27.8,0.26899999999999996,22,0
0,97,64,36.8,0.6,25,0
8,120,69,30.0,0.183,38,1
6,154,78,46.1,0.5710000000000001,27,0
1,144,82,41.3,0.607,28,0
0,137,70,33.2,0.17,22,0
0,119,66,38.8,0.259,22,0
7,136,90,29.9,0.21,50,0
4,114,64,28.9,0.126,24,0
0,137,84,27.3,0.231,59,0
2,105,80,33.7,0.711,29,1
7,114,76,23.8,0.466,31,0
8,126,74,25.9,0.162,39,0
4,132,86,28.0,0.419,63,0
3,158,70,35.5,0.344,35,1
0,123,88,35.2,0.19699999999999998,29,0
4,85,58,27.8,0.306,28,0
0,84,82,38.2,0.233,23,0
0,145,69,44.2,0.63,31,1
0,135,68,42.3,0.365,24,1
1,139,62,40.7,0.536,21,0
0,173,78,46.5,1.159,58,0
4,99,72,25.6,0.294,28,0
8,194,80,26.1,0.551,67,0
2,83,65,36.8,0.629,24,0
2,89,90,33.5,0.292,42,0
4,99,68,32.8,0.145,33,0
4,125,70,28.9,1.1440000000000001,45,1
3,80,69,32.0,0.174,22,0
6,166,74,26.6,0.304,66,0
5,110,68,26.0,0.292,30,0
2,81,72,30.1,0.547,25,0
7,195,70,25.1,0.163,55,1
6,154,74,29.3,0.8390000000000001,39,0
2,117,90,25.2,0.313,21,0
3,84,72,37.2,0.267,28,0
6,121,68,39.0,0.727,41,1
7,94,64,33.3,0.738,41,0
3,96,78,37.3,0.23800000000000002,40,0
10,75,82,33.3,0.263,38,0
0,180,90,36.5,0.314,35,1
1,130,60,28.6,0.6920000000000001,21,0
2,84,50,30.4,0.968,21,0
8,120,78,25.0,0.409,64,0
12,84,72,29.7,0.297,46,1
0,139,62,22.1,0.207,21,0
9,91,68,24.2,0.2,58,0
2,91,62,27.3,0.525,22,0
3,99,54,25.6,0.154,24,0
3,163,70,31.6,0.268,28,1
9,145,88,30.3,0.7709999999999999,53,1
7,125,86,37.6,0.304,51,0
13,76,60,32.8,0.18,41,0
6,129,90,19.6,0.5820000000000001,60,0
2,68,70,25.0,0.187,25,0
3,124,80,33.2,0.305,26,0
6,114,69,32.0,0.18899999999999997,26,0
9,130,70,34.2,0.652,45,1
3,125,58,31.6,0.151,24,0
3,87,60,21.8,0.444,21,0
1,97,64,18.2,0.299,21,0
3,116,74,26.3,0.107,24,0
0,117,66,30.8,0.493,22,0
0,111,65,24.6,0.66,31,0
2,122,60,29.8,0.7170000000000001,22,0
0,107,76,45.3,0.6859999999999999,24,0
1,86,66,41.3,0.917,29,0
6,91,69,29.8,0.501,31,0
1,77,56,33.3,1.251,24,0
4,132,69,32.9,0.302,23,1
0,105,90,29.6,0.19699999999999998,46,0
0,57,60,21.7,0.735,67,0
0,127,80,36.3,0.804,23,0
3,129,92,36.4,0.968,32,1
8,100,74,39.4,0.6609999999999999,43,1
3,128,72,32.4,0.5489999999999999,27,1
10,90,85,34.9,0.825,56,1
4,84,90,39.5,0.159,25,0
1,88,78,32.0,0.365,29,0
8,186,90,34.5,0.423,37,1
5,187,76,43.6,1.034,53,1
4,131,68,33.1,0.16,28,0
1,164,82,32.8,0.341,50,0
4,189,110,28.5,0.68,37,0
1,116,70,27.4,0.204,21,0
3,84,68,31.9,0.591,25,0
6,114,88,27.8,0.247,66,0
1,88,62,29.9,0.42200000000000004,23,0
1,84,64,36.9,0.47100000000000003,28,0
7,124,70,25.5,0.161,37,0
1,97,70,38.1,0.218,30,0
8,110,76,27.8,0.237,58,0
11,103,68,46.2,0.126,42,0
11,85,74,30.1,0.3,35,0
6,125,76,33.8,0.121,54,1
0,198,66,41.3,0.502,28,1
1,87,68,37.6,0.401,24,0
6,99,60,26.9,0.49700000000000005,32,0
0,91,80,32.4,0.601,27,0
2,95,54,26.1,0.748,22,0
1,99,72,38.6,0.41200000000000003,21,0
6,92,62,32.0,0.085,46,0
4,154,72,31.3,0.33799999999999997,37,0
0,121,66,34.3,0.203,33,1
3,78,70,32.5,0.27,39,0
2,130,96,22.6,0.268,21,0
3,111,58,29.5,0.43,22,0
2,98,60,34.7,0.198,22,0
1,143,86,30.1,0.892,23,0
1,119,44,35.5,0.28,25,0
6,108,44,24.0,0.813,35,0
2,118,80,42.9,0.693,21,1
10,133,68,27.0,0.245,36,0
2,197,70,34.7,0.575,62,1
0,151,90,42.1,0.371,21,1
6,109,60,25.0,0.20600000000000002,27,0
12,121,78,26.5,0.259,62,0
8,100,76,38.7,0.19,42,0
8,124,76,28.7,0.687,52,1
1,93,56,22.5,0.41700000000000004,22,0
8,143,66,34.9,0.129,41,1
6,103,66,24.3,0.249,29,0
3,176,86,33.3,1.1540000000000001,52,1
0,73,69,21.1,0.342,25,0
11,111,84,46.8,0.925,45,1
2,112,78,39.4,0.175,24,0
3,132,80,34.4,0.402,44,1
2,82,52,28.5,1.699,25,0
6,123,72,33.6,0.733,34,0
0,188,82,32.0,0.682,22,1
0,67,76,45.3,0.19399999999999998,46,0
1,89,24,27.8,0.5589999999999999,21,0
1,173,74,36.8,0.08800000000000001,38,1
1,109,38,23.1,0.40700000000000003,26,0
1,108,88,27.1,0.4,24,0
6,96,69,23.7,0.19,28,0
1,124,74,27.8,0.1,30,0
7,150,78,35.2,0.6920000000000001,54,1
4,183,69,28.4,0.212,36,1
1,124,60,35.8,0.514,21,0
1,181,78,40.0,1.258,22,1
1,92,62,19.5,0.48200000000000004,25,0
0,152,82,41.5,0.27,27,0
1,111,62,24.0,0.138,23,0
3,106,54,30.9,0.292,24,0
3,174,58,32.9,0.593,36,1
7,168,88,38.2,0.787,40,1
6,105,80,32.5,0.878,26,0
11,138,74,36.1,0.557,50,1
3,106,72,25.8,0.207,27,0
6,117,96,28.7,0.157,30,0
2,68,62,20.1,0.257,23,0
9,112,82,28.2,1.2819999999999998,50,1
0,119,69,32.4,0.141,24,1
2,112,86,38.4,0.24600000000000002,28,0
2,92,76,24.2,1.6980000000000002,28,0
6,183,94,40.8,1.4609999999999999,45,0
0,94,70,43.5,0.34700000000000003,21,0
2,108,64,30.8,0.158,21,0
4,90,88,37.7,0.36200000000000004,29,0
0,125,68,24.7,0.20600000000000002,21,0
0,132,78,32.4,0.39299999999999996,21,0
5,128,80,34.6,0.14400000000000002,45,0
4,94,65,24.7,0.14800000000000002,21,0
7,114,64,27.4,0.732,34,1
0,102,78,34.5,0.23800000000000002,24,0
2,111,60,26.2,0.34299999999999997,23,0
1,128,82,27.5,0.115,22,0
10,92,62,25.9,0.16699999999999998,31,0
13,104,72,31.2,0.465,38,1
5,104,74,28.8,0.153,48,0
2,94,76,31.6,0.649,23,0
7,97,76,40.9,0.871,32,1
1,100,74,19.5,0.149,28,0
0,102,86,29.3,0.695,27,0
4,128,70,34.3,0.303,24,0
6,147,80,29.5,0.17800000000000002,50,1
4,90,69,28.0,0.61,31,0
3,103,72,27.6,0.73,27,0
2,157,74,39.4,0.134,30,0
1,167,74,23.4,0.447,33,1
0,179,50,37.8,0.455,22,1
11,136,84,28.3,0.26,42,1
0,107,60,26.4,0.133,23,0
1,91,54,25.2,0.23399999999999999,23,0
1,117,60,33.8,0.466,27,0
5,123,74,34.1,0.26899999999999996,28,0
2,120,54,26.8,0.455,27,0
1,106,70,34.2,0.142,22,0
2,155,52,38.7,0.24,25,1
2,101,58,21.8,0.155,22,0
1,120,80,38.9,1.162,41,0
11,127,106,39.0,0.19,51,0
3,80,82,34.2,1.2919999999999998,27,1
10,162,84,27.7,0.182,54,0
1,199,76,42.9,1.3940000000000001,22,1
8,167,106,37.6,0.165,43,1
9,145,80,37.9,0.637,40,1
6,115,60,33.7,0.245,40,1
1,112,80,34.8,0.217,24,0
4,145,82,32.5,0.235,70,1
10,111,70,27.5,0.141,40,1
6,98,58,34.0,0.43,43,0
9,154,78,30.9,0.16399999999999998,45,0
6,165,68,33.6,0.631,49,0
1,99,58,25.4,0.551,21,0
10,68,106,35.5,0.285,47,0
3,123,100,57.3,0.88,22,0
8,91,82,35.6,0.5870000000000001,68,0
6,195,70,30.9,0.32799999999999996,31,1
9,156,86,24.8,0.23,53,1
0,93,60,35.3,0.263,25,0
3,121,52,36.0,0.127,25,1
2,101,58,24.2,0.614,23,0
2,56,56,24.2,0.332,22,0
0,162,76,49.6,0.364,26,1
0,95,64,44.6,0.366,22,0
4,125,80,32.3,0.536,27,1
5,136,82,32.0,0.64,69,0
2,129,74,33.2,0.591,25,0
3,130,64,23.1,0.314,22,0
1,107,50,28.3,0.18100000000000002,29,0
1,140,74,24.1,0.828,23,0
1,144,82,46.1,0.335,46,1
8,107,80,24.6,0.856,34,0
13,158,114,42.3,0.257,44,1
2,121,70,39.1,0.8859999999999999,23,0
7,129,68,38.5,0.439,43,1
2,90,60,23.5,0.191,25,0
7,142,90,30.4,0.128,43,1
3,169,74,29.9,0.268,31,1
0,99,69,25.0,0.253,22,0
4,127,88,34.5,0.598,28,0
4,118,70,44.5,0.904,26,0
2,122,76,35.9,0.483,26,0
6,125,78,27.6,0.565,49,1
1,168,88,35.0,0.905,52,1
2,129,69,38.5,0.304,41,0
4,110,76,28.4,0.11800000000000001,27,0
6,80,80,39.8,0.177,28,0
10,115,69,32.0,0.261,30,1
2,127,46,34.4,0.17600000000000002,22,0
9,164,78,32.8,0.14800000000000002,45,1
2,93,64,38.0,0.674,23,1
3,158,64,31.2,0.295,24,0
5,126,78,29.6,0.439,40,0
10,129,62,41.2,0.441,38,1
0,134,58,26.4,0.35200000000000004,21,0
3,102,74,29.5,0.121,32,0
7,187,50,33.9,0.826,34,1
3,173,78,33.8,0.97,31,1
10,94,72,23.1,0.595,56,0
1,108,60,35.5,0.415,24,0
5,97,76,35.6,0.37799999999999995,52,1
4,83,86,29.3,0.317,34,0
1,114,66,38.1,0.289,21,0
1,149,68,29.3,0.349,42,1
5,117,86,39.1,0.251,42,0
1,111,94,32.8,0.265,45,0
4,112,78,39.4,0.23600000000000002,38,0
1,116,78,36.1,0.496,25,0
0,141,84,32.4,0.433,22,0
2,175,88,22.9,0.326,22,0
2,92,52,30.1,0.141,22,0
3,130,78,28.4,0.32299999999999995,34,1
8,120,86,28.4,0.259,22,1
2,174,88,44.5,0.6459999999999999,24,1
2,106,56,29.0,0.426,22,0
2,105,75,23.3,0.56,53,0
4,95,60,35.4,0.284,28,0
0,126,86,27.4,0.515,21,0
8,65,72,32.0,0.6,42,0
2,99,60,36.6,0.45299999999999996,21,0
1,102,74,39.5,0.293,42,1
11,120,80,42.3,0.785,48,1
3,102,44,30.8,0.4,26,0
1,109,58,28.5,0.21899999999999997,22,0
9,140,94,32.7,0.7340000000000001,45,1
13,153,88,40.6,1.1740000000000002,39,0
12,100,84,30.0,0.488,46,0
1,147,94,49.3,0.358,27,1
1,81,74,46.3,1.0959999999999999,32,0
3,187,70,36.4,0.408,36,1
6,162,62,24.3,0.17800000000000002,50,1
4,136,70,31.2,1.182,22,1
1,121,78,39.0,0.261,28,0
3,108,62,26.0,0.223,25,0
0,181,88,43.3,0.222,26,1
8,154,78,32.4,0.44299999999999995,45,1
1,128,88,36.5,1.057,37,1
7,137,90,32.0,0.391,39,0
0,123,72,36.3,0.258,52,1
1,106,76,37.5,0.19699999999999998,26,0
6,190,92,35.5,0.278,66,1
2,88,58,28.4,0.7659999999999999,22,0
9,170,74,44.0,0.40299999999999997,43,1
9,89,62,22.5,0.142,33,0
10,101,76,32.9,0.171,63,0
2,122,70,36.8,0.34,27,0
5,121,72,26.2,0.245,30,0
1,126,60,30.1,0.349,47,1
1,93,70,30.4,0.315,23,0
