Pregnancies,Glucose,BloodPressure,SkinThickness,Insulin,BMI,DiabetesPedigreeFunction,Age,Outcome
6,148,72,35,0,33.6,0.627,50,1
1,85,66,29,0,26.6,0.35100000000000003,31,0
1,89,66,23,94,28.1,0.16699999999999998,21,0
5,116,74,0,0,25.6,0.201,30,0
3,78,50,32,88,31.0,0.248,26,1
4,110,92,0,0,37.6,0.191,30,0
10,168,74,0,0,38.0,0.537,34,1
5,166,72,19,175,25.8,0.5870000000000001,51,1
7,107,74,0,0,29.6,0.254,31,1
1,115,70,30,96,34.6,0.529,32,1
8,99,84,0,0,35.4,0.38799999999999996,50,0
9,119,80,35,0,29.0,0.263,29,1
10,125,70,26,115,31.1,0.205,41,1
7,147,76,0,0,39.4,0.257,43,1
1,97,66,15,140,23.2,0.48700000000000004,22,0
5,117,92,0,0,34.1,0.337,38,0
3,88,58,11,54,24.8,0.267,22,0
6,92,92,0,0,19.9,0.188,28,0
10,122,78,31,0,27.6,0.512,45,0
9,102,76,37,0,32.9,0.665,46,1
2,90,68,42,0,38.2,0.503,27,1
7,133,84,0,0,40.2,0.696,37,0
7,106,92,18,0,22.7,0.235,48,0
7,159,64,0,0,27.4,0.294,40,0
1,146,56,0,0,29.7,0.564,29,0
2,71,70,27,0,28.0,0.586,22,0
7,103,66,32,0,39.1,0.344,31,1
1,103,80,11,82,19.4,0.491,22,0
1,101,50,15,36,24.2,0.526,26,0
5,88,66,21,23,24.4,0.342,30,0
1,73,50,10,0,23.0,0.248,21,0
0,105,64,41,142,41.5,0.17300000000000001,22,0
8,133,72,0,0,32.9,0.27,39,1
2,141,58,34,128,25.4,0.6990000000000001,24,0
7,114,66,0,0,32.8,0.258,42,1
5,99,74,27,0,29.0,0.203,32,0
0,109,88,30,0,32.5,0.855,38,1
2,109,92,0,0,42.7,0.845,54,0
1,95,66,13,38,19.6,0.33399999999999996,25,0
4,146,85,27,100,28.9,0.18899999999999997,27,0
2,100,66,20,90,32.9,0.867,28,1
5,139,64,35,140,28.6,0.41100000000000003,26,0
1,79,75,30,0,32.0,0.396,22,0
7,62,78,0,0,32.6,0.391,41,0
5,95,72,33,0,37.7,0.37,27,0
2,112,66,22,0,25.0,0.307,24,0
7,83,78,26,71,29.3,0.767,36,0
0,101,65,28,0,24.6,0.237,22,0
2,110,74,29,125,32.4,0.698,27,0
2,100,68,25,71,38.5,0.324,26,0
1,107,68,19,0,26.5,0.165,24,0
1,80,55,0,0,19.1,0.258,21,0
4,123,80,15,176,32.0,0.44299999999999995,34,0
2,142,82,18,64,24.7,0.7609999999999999,21,0
2,92,62,28,0,31.6,0.13,24,0
1,71,48,18,76,20.4,0.32299999999999995,22,0
6,93,50,30,64,28.7,0.35600000000000004,23,0
1,151,60,0,0,26.1,0.179,22,0
0,125,96,0,0,22.5,0.262,21,0
1,81,72,18,40,26.6,0.28300000000000003,24,0
2,85,65,0,0,39.6,0.93,27,0
1,126,56,29,152,28.7,0.8009999999999999,21,0
4,144,58,28,140,29.5,0.287,37,0
3,83,58,31,18,34.3,0.336,25,0
0,95,85,25,36,37.4,0.247,24,1
3,171,72,33,135,33.3,0.19899999999999998,24,1
1,89,76,34,37,31.2,0.192,23,0
4,76,62,0,0,34.0,0.391,25,0
7,160,54,32,175,30.5,0.588,39,1
5,124,74,0,0,34.0,0.22,38,1
5,78,48,0,0,33.7,0.654,25,0
4,97,60,23,0,28.2,0.44299999999999995,22,0
4,99,76,15,51,23.2,0.223,21,0
6,111,64,39,0,34.2,0.26,24,0
2,107,74,30,100,33.6,0.40399999999999997,23,0
0,113,76,0,0,33.3,0.278,23,1
3,120,70,30,135,42.9,0.452,30,0
1,118,58,36,94,33.3,0.261,23,0
1,117,88,24,145,34.5,0.40299999999999997,40,1
4,173,70,14,168,29.7,0.361,33,1
8,84,74,31,0,38.3,0.457,39,0
2,96,68,13,49,21.1,0.647,26,0
2,125,60,20,140,33.8,0.08800000000000001,31,0
0,100,70,26,50,30.8,0.597,21,0
0,93,60,25,92,28.7,0.532,22,0
0,129,80,0,0,31.2,0.703,29,0
5,106,82,30,0,39.5,0.28600000000000003,38,0
2,108,52,26,63,32.5,0.318,22,0
10,108,66,0,0,32.4,0.272,42,1
9,57,80,37,0,32.8,0.096,41,0
2,90,70,17,0,27.3,0.085,22,0
1,136,74,50,204,37.4,0.39899999999999997,24,0
4,114,65,0,0,21.9,0.43200000000000005,37,0
2,99,52,15,94,24.6,0.637,21,0
1,109,56,21,135,25.2,0.833,23,0
2,88,74,19,53,29.0,0.22899999999999998,22,0
4,151,90,38,0,29.7,0.294,36,0
7,102,74,40,105,37.2,0.204,45,0
2,100,64,23,0,29.7,0.368,21,0
0,131,88,0,0,31.6,0.743,32,1
6,104,74,18,156,29.9,0.722,41,1
3,148,66,25,0,32.5,0.256,22,0
4,120,68,0,0,29.6,0.7090000000000001,34,0
4,110,66,0,0,31.9,0.47100000000000003,29,0
3,111,90,12,78,28.4,0.495,29,0
6,102,82,0,0,30.8,0.18,36,1
6,134,70,23,130,35.4,0.542,29,1
1,79,60,42,48,43.5,0.6779999999999999,23,0
2,75,64,24,55,29.7,0.37,33,0
6,85,78,0,0,31.2,0.382,42,0
5,143,78,0,0,45.0,0.19,47,0
6,87,80,0,0,23.2,0.084,32,0
0,119,64,18,92,34.9,0.725,23,0
5,73,60,0,0,26.8,0.268,27,0
4,141,74,0,0,27.6,0.244,40,0
8,109,76,39,114,27.9,0.64,31,1
5,139,80,35,160,31.6,0.361,25,1
3,111,62,0,0,22.6,0.142,21,0
9,123,70,44,94,33.1,0.374,40,0
7,159,66,0,0,30.4,0.38299999999999995,36,1
8,85,55,20,0,24.4,0.136,42,0
5,158,84,41,210,39.4,0.395,29,1
1,105,58,0,0,24.3,0.187,21,0
3,107,62,13,48,22.9,0.6779999999999999,23,1
4,109,64,44,99,34.8,0.905,26,1
0,113,80,16,0,31.0,0.8740000000000001,21,0
1,138,82,0,0,40.1,0.23600000000000002,28,0
0,108,68,20,0,27.3,0.787,32,0
2,99,70,16,44,20.4,0.235,27,0
5,111,72,28,0,23.9,0.40700000000000003,27,0
1,96,64,27,87,33.2,0.289,21,0
2,81,60,22,0,27.7,0.29,25,0
0,147,85,54,0,42.8,0.375,24,0
0,140,65,26,130,42.6,0.431,24,1
9,112,82,32,175,34.2,0.26,36,1
5,109,62,41,129,35.8,0.514,25,1
6,125,68,30,120,30.0,0.46399999999999997,32,0
5,112,66,0,0,37.8,0.261,41,1
1,100,66,15,56,23.6,0.6659999999999999,26,0
1,87,78,27,32,34.6,0.10099999999999999,22,0
0,101,76,0,0,35.7,0.198,26,0
3,162,52,38,0,37.2,0.652,24,1
0,117,80,31,53,45.2,0.08900000000000001,24,0
4,142,86,0,0,44.0,0.645,22,1
1,79,80,25,37,25.4,0.583,22,0
4,122,68,0,0,35.0,0.39399999999999996,29,0
3,74,68,28,45,29.7,0.293,23,0
4,171,72,0,0,43.6,0.479,26,1
9,164,84,21,0,30.8,0.831,32,1
0,104,76,0,0,18.4,0.5820000000000001,27,0
1,91,64,24,0,29.2,0.192,21,0
4,91,70,32,88,33.1,0.446,22,0
3,139,54,0,0,25.6,0.402,22,1
2,146,76,35,194,38.2,0.32899999999999996,29,0
10,122,68,0,0,31.2,0.258,41,0
1,111,86,19,0,30.1,0.14300000000000002,23,0
9,106,52,0,0,31.2,0.38,42,0
2,129,84,0,0,28.0,0.284,27,0
2,90,80,14,55,24.4,0.249,24,0
0,86,68,32,0,35.8,0.23800000000000002,25,0
1,113,64,35,0,33.6,0.5429999999999999,21,1
3,111,56,39,0,30.1,0.557,30,0
2,114,68,22,0,28.7,0.092,25,0
4,95,70,32,0,32.1,0.612,24,0
4,123,62,0,0,32.0,0.226,35,1
0,102,52,0,0,25.1,0.078,21,0
2,108,62,32,56,25.2,0.128,21,0
3,122,78,0,0,23.0,0.254,40,0
1,71,78,50,45,33.2,0.42200000000000004,21,0
2,100,70,52,57,40.5,0.677,25,0
7,106,60,24,0,26.5,0.29600000000000004,29,1
0,104,64,23,116,27.8,0.45399999999999996,23,0
0,146,70,0,0,37.9,0.33399999999999996,28,1
10,129,76,28,122,35.9,0.28,39,0
7,133,88,15,155,32.4,0.262,37,0
7,161,86,0,0,30.4,0.165,47,1
2,108,80,0,0,27.0,0.259,52,1
7,136,74,26,135,26.0,0.647,51,0
1,119,86,39,220,45.6,0.8079999999999999,29,1
4,96,56,17,49,20.8,0.34,26,0
5,108,72,43,75,36.1,0.263,33,0
0,78,88,29,40,36.9,0.434,21,0
0,107,62,30,74,36.6,0.757,25,1
1,128,48,45,194,40.5,0.613,24,1
6,151,62,31,120,35.5,0.6920000000000001,28,0
0,126,84,29,215,30.7,0.52,24,0
2,144,58,33,135,31.6,0.42200000000000004,25,1
5,77,82,41,42,35.8,0.156,35,0
3,150,76,0,0,21.0,0.207,37,0
2,120,76,37,105,39.7,0.215,29,0
10,161,68,23,132,25.5,0.326,47,1
0,137,68,14,148,24.8,0.14300000000000002,21,0
2,124,68,28,205,32.9,0.875,30,1
6,80,66,30,0,26.2,0.313,41,0
0,106,70,37,148,39.4,0.605,22,0
2,155,74,17,96,26.6,0.433,27,1
3,113,50,10,85,29.5,0.626,25,0
2,112,68,22,94,34.1,0.315,26,0
3,99,80,11,64,19.3,0.284,30,0
3,115,66,39,140,38.1,0.15,28,0
3,112,74,30,0,31.6,0.19699999999999998,25,1
0,124,70,20,0,27.4,0.254,36,1
2,112,75,32,0,35.7,0.14800000000000002,21,0
1,157,72,21,168,25.6,0.12300000000000001,24,0
1,122,64,32,156,35.1,0.6920000000000001,30,1
2,102,86,36,120,45.5,0.127,23,1
6,105,70,32,68,30.8,0.122,37,0
2,87,58,16,52,32.7,0.166,25,0
1,95,60,18,58,23.9,0.26,22,0
5,115,76,0,0,31.2,0.34299999999999997,44,1
9,152,78,34,171,34.2,0.893,33,1
7,178,84,0,0,39.9,0.331,41,1
1,130,70,13,105,25.9,0.47200000000000003,22,0
1,95,74,21,73,25.9,0.6729999999999999,36,0
5,122,86,0,0,34.7,0.29,33,0
8,126,88,36,108,38.5,0.349,49,0
1,139,46,19,83,28.7,0.654,22,0
3,99,62,19,74,21.8,0.27899999999999997,26,0
4,92,80,0,0,42.2,0.237,29,0
4,137,84,0,0,31.2,0.252,30,0
3,61,82,28,0,34.4,0.243,46,0
1,90,62,12,43,27.2,0.58,24,0
3,90,78,0,0,42.7,0.5589999999999999,21,0
9,165,88,0,0,30.4,0.302,49,1
5,99,54,28,83,34.0,0.499,30,0
6,124,72,0,0,27.6,0.368,29,1
0,101,64,17,0,21.0,0.252,21,0
3,81,86,16,66,27.5,0.306,22,0
0,84,64,22,66,35.8,0.545,21,0
2,105,58,40,94,34.9,0.225,25,0
2,122,52,43,158,36.2,0.816,28,0
0,98,82,15,84,25.2,0.299,22,0
1,87,60,37,75,37.2,0.509,22,0
1,107,72,30,82,30.8,0.821,24,0
0,105,68,22,0,20.0,0.23600000000000002,22,0
1,125,70,24,110,24.3,0.221,25,0
1,119,54,13,50,22.3,0.205,24,0
5,116,74,29,0,32.3,0.66,35,1
1,100,66,29,196,32.0,0.444,42,0
5,166,76,0,0,45.7,0.34,27,1
4,116,72,12,87,22.1,0.46299999999999997,37,0
4,158,78,0,0,32.9,0.8029999999999999,31,1
3,96,56,34,115,24.7,0.9440000000000001,39,0
0,131,66,40,0,34.3,0.196,22,1
3,82,70,0,0,21.1,0.389,25,0
4,95,64,0,0,32.0,0.161,31,1
5,136,84,41,88,35.0,0.28600000000000003,35,1
9,72,78,25,0,31.6,0.28,38,0
5,168,64,0,0,32.9,0.135,41,1
2,123,48,32,165,42.1,0.52,26,0
4,115,72,0,0,28.9,0.376,46,1
0,101,62,0,0,21.9,0.336,25,0
6,102,90,39,0,35.7,0.674,28,0
1,112,72,30,176,34.4,0.528,25,0
1,143,74,22,61,26.2,0.256,21,0
0,138,60,35,167,34.6,0.534,21,1
4,144,82,32,0,38.5,0.5539999999999999,37,1
1,83,68,0,0,18.2,0.624,27,0
3,129,64,29,115,26.4,0.21899999999999997,28,1
1,119,88,41,170,45.3,0.507,26,0
2,94,68,18,76,26.0,0.561,21,0
0,102,64,46,78,40.6,0.496,21,0
2,115,64,22,0,30.8,0.42100000000000004,21,0
8,151,78,32,210,42.9,0.516,36,1
0,135,94,46,145,40.6,0.284,26,0
1,95,82,25,180,35.0,0.233,43,1
3,89,74,16,85,30.4,0.551,38,0
1,80,74,11,60,30.0,0.527,22,0
2,139,75,0,0,25.6,0.16699999999999998,29,0
5,147,75,0,0,29.9,0.434,28,0
1,97,70,15,0,18.2,0.147,21,0
6,107,88,0,0,36.8,0.727,31,0
2,83,66,23,50,32.2,0.49700000000000005,22,0
4,117,64,27,120,33.2,0.23,24,0
4,117,62,12,0,29.7,0.38,30,1
1,100,72,12,70,25.3,0.6579999999999999,28,0
0,95,80,45,92,36.5,0.33,26,0
0,104,64,37,64,33.6,0.51,22,1
0,120,74,18,63,30.5,0.285,26,0
1,82,64,13,95,21.2,0.415,23,0
2,134,70,0,0,28.9,0.542,23,1
0,91,68,32,210,39.9,0.381,25,0
2,100,54,28,105,37.8,0.498,24,0
5,86,68,28,71,30.2,0.364,24,0
9,120,72,22,56,20.8,0.733,48,0
1,71,62,0,0,21.8,0.41600000000000004,26,0
8,74,70,40,49,35.3,0.705,39,0
5,88,78,30,0,27.6,0.258,37,0
0,124,56,13,105,21.8,0.452,21,0
0,74,52,10,36,27.8,0.26899999999999996,22,0
0,97,64,36,100,36.8,0.6,25,0
1,144,82,40,0,41.3,0.607,28,0
0,137,70,38,0,33.2,0.17,22,0
0,119,66,27,0,38.8,0.259,22,0
7,136,90,0,0,29.9,0.21,50,0
4,114,64,0,0,28.9,0.126,24,0
2,105,80,45,191,33.7,0.711,29,1
7,114,76,17,110,23.8,0.466,31,0
8,126,74,38,75,25.9,0.162,39,0
0,123,88,37,0,35.2,0.19699999999999998,29,0
4,85,58,22,49,27.8,0.306,28,0
0,84,82,31,125,38.2,0.233,23,0
4,99,72,17,0,25.6,0.294,28,0
2,83,65,28,66,36.8,0.629,24,0
2,89,90,30,0,33.5,0.292,42,0
4,99,68,38,0,32.8,0.145,33,0
5,110,68,0,0,26.0,0.292,30,0
2,81,72,15,76,30.1,0.547,25,0
6,154,74,32,193,29.3,0.8390000000000001,39,0
2,117,90,19,71,25.2,0.313,21,0
3,84,72,32,0,37.2,0.267,28,0
7,94,64,25,79,33.3,0.738,41,0
3,96,78,39,0,37.3,0.23800000000000002,40,0
10,75,82,0,0,33.3,0.263,38,0
1,130,60,23,170,28.6,0.6920000000000001,21,0
0,139,62,17,210,22.1,0.207,21,0
2,91,62,0,0,27.3,0.525,22,0
3,99,54,19,86,25.6,0.154,24,0
3,163,70,18,105,31.6,0.268,28,1
9,145,88,34,165,30.3,0.7709999999999999,53,1
7,125,86,0,0,37.6,0.304,51,0
2,68,70,32,66,25.0,0.187,25,0
3,124,80,33,130,33.2,0.305,26,0
9,130,70,0,0,34.2,0.652,45,1
3,125,58,0,0,31.6,0.151,24,0
3,87,60,18,0,21.8,0.444,21,0
1,97,64,19,82,18.2,0.299,21,0
3,116,74,15,105,26.3,0.107,24,0
0,117,66,31,188,30.8,0.493,22,0
0,111,65,0,0,24.6,0.66,31,0
2,122,60,18,106,29.8,0.7170000000000001,22,0
0,107,76,0,0,45.3,0.6859999999999999,24,0
1,86,66,52,65,41.3,0.917,29,0
0,105,90,0,0,29.6,0.19699999999999998,46,0
0,127,80,37,210,36.3,0.804,23,0
8,100,74,40,215,39.4,0.6609999999999999,43,1
3,128,72,25,190,32.4,0.5489999999999999,27,1
4,84,90,23,56,39.5,0.159,25,0
1,88,78,29,76,32.0,0.365,29,0
4,131,68,21,166,33.1,0.16,28,0
1,164,82,43,67,32.8,0.341,50,0
1,116,70,28,0,27.4,0.204,21,0
3,84,68,30,106,31.9,0.591,25,0
1,88,62,24,44,29.9,0.42200000000000004,23,0
1,84,64,23,115,36.9,0.47100000000000003,28,0
7,124,70,33,215,25.5,0.161,37,0
1,97,70,40,0,38.1,0.218,30,0
6,125,76,0,0,33.8,0.121,54,1
1,87,68,34,77,37.6,0.401,24,0
6,99,60,19,54,26.9,0.49700000000000005,32,0
0,91,80,0,0,32.4,0.601,27,0
2,95,54,14,88,26.1,0.748,22,0
1,99,72,30,18,38.6,0.41200000000000003,21,0
6,92,62,32,126,32.0,0.085,46,0
4,154,72,29,126,31.3,0.33799999999999997,37,0
0,121,66,30,165,34.3,0.203,33,1
3,78,70,0,0,32.5,0.27,39,0
2,130,96,0,0,22.6,0.268,21,0
3,111,58,31,44,29.5,0.43,22,0
2,98,60,17,120,34.7,0.198,22,0
2,118,80,0,0,42.9,0.693,21,1
10,133,68,0,0,27.0,0.245,36,0
0,151,90,46,0,42.1,0.371,21,1
6,109,60,27,0,25.0,0.20600000000000002,27,0
8,100,76,0,0,38.7,0.19,42,0
1,93,56,11,0,22.5,0.41700000000000004,22,0
8,143,66,0,0,34.9,0.129,41,1
6,103,66,0,0,24.3,0.249,29,0
2,112,78,50,140,39.4,0.175,24,0
3,132,80,0,0,34.4,0.402,44,1
0,67,76,0,0,45.3,0.19399999999999998,46,0
1,173,74,0,0,36.8,0.08800000000000001,38,1
1,108,88,19,0,27.1,0.4,24,0
1,124,74,36,0,27.8,0.1,30,0
7,150,78,29,126,35.2,0.6920000000000001,54,1
1,124,60,32,0,35.8,0.514,21,0
1,92,62,25,41,19.5,0.48200000000000004,25,0
1,111,62,13,182,24.0,0.138,23,0
3,106,54,21,158,30.9,0.292,24,0
3,174,58,22,194,32.9,0.593,36,1
6,105,80,28,0,32.5,0.878,26,0
3,106,72,0,0,25.8,0.207,27,0
6,117,96,0,0,28.7,0.157,30,0
2,68,62,13,15,20.1,0.257,23,0
2,112,86,42,160,38.4,0.24600000000000002,28,0
0,94,70,27,115,43.5,0.34700000000000003,21,0
2,108,64,0,0,30.8,0.158,21,0
4,90,88,47,54,37.7,0.36200000000000004,29,0
0,125,68,0,0,24.7,0.20600000000000002,21,0
0,132,78,0,0,32.4,0.39299999999999996,21,0
5,128,80,0,0,34.6,0.14400000000000002,45,0
4,94,65,22,0,24.7,0.14800000000000002,21,0
7,114,64,0,0,27.4,0.732,34,1
0,102,78,40,90,34.5,0.23800000000000002,24,0
2,111,60,0,0,26.2,0.34299999999999997,23,0
1,128,82,17,183,27.5,0.115,22,0
10,92,62,0,0,25.9,0.16699999999999998,31,0
5,104,74,0,0,28.8,0.153,48,0
2,94,76,18,66,31.6,0.649,23,0
7,97,76,32,91,40.9,0.871,32,1
1,100,74,12,46,19.5,0.149,28,0
0,102,86,17,105,29.3,0.695,27,0
4,128,70,0,0,34.3,0.303,24,0
6,147,80,0,0,29.5,0.17800000000000002,50,1
3,103,72,30,152,27.6,0.73,27,0
1,167,74,17,144,23.4,0.447,33,1
0,107,60,25,0,26.4,0.133,23,0
1,91,54,25,100,25.2,0.23399999999999999,23,0
1,117,60,23,106,33.8,0.466,27,0
5,123,74,40,77,34.1,0.26899999999999996,28,0
2,120,54,0,0,26.8,0.455,27,0
1,106,70,28,135,34.2,0.142,22,0
2,101,58,35,90,21.8,0.155,22,0
10,162,84,0,0,27.7,0.182,54,0
9,145,80,46,130,37.9,0.637,40,1
6,115,60,39,0,33.7,0.245,40,1
1,112,80,45,132,34.8,0.217,24,0
10,111,70,27,0,27.5,0.141,40,1
6,98,58,33,190,34.0,0.43,43,0
9,154,78,30,100,30.9,0.16399999999999998,45,0
6,165,68,26,168,33.6,0.631,49,0
1,99,58,10,0,25.4,0.551,21,0
9,156,86,0,0,24.8,0.23,53,1
0,93,60,0,0,35.3,0.263,25,0
3,121,52,0,0,36.0,0.127,25,1
2,56,56,28,45,24.2,0.332,22,0
0,95,64,39,105,44.6,0.366,22,0
4,125,80,0,0,32.3,0.536,27,1
2,129,74,26,205,33.2,0.591,25,0
3,130,64,0,0,23.1,0.314,22,0
1,107,50,19,0,28.3,0.18100000000000002,29,0
1,140,74,26,180,24.1,0.828,23,0
8,107,80,0,0,24.6,0.856,34,0
2,121,70,32,95,39.1,0.8859999999999999,23,0
7,129,68,49,125,38.5,0.439,43,1
2,90,60,0,0,23.5,0.191,25,0
3,169,74,19,125,29.9,0.268,31,1
4,127,88,11,155,34.5,0.598,28,0
4,118,70,0,0,44.5,0.904,26,0
2,122,76,27,200,35.9,0.483,26,0
6,125,78,31,0,27.6,0.565,49,1
1,168,88,29,0,35.0,0.905,52,1
4,110,76,20,100,28.4,0.11800000000000001,27,0
6,80,80,36,0,39.8,0.177,28,0
9,164,78,0,0,32.8,0.14800000000000002,45,1
2,93,64,32,160,38.0,0.674,23,1
5,126,78,27,22,29.6,0.439,40,0
10,129,62,36,0,41.2,0.441,38,1
3,102,74,0,0,29.5,0.121,32,0
1,108,60,46,178,35.5,0.415,24,0
5,97,76,27,0,35.6,0.37799999999999995,52,1
4,83,86,19,0,29.3,0.317,34,0
1,114,66,36,200,38.1,0.289,21,0
1,149,68,29,127,29.3,0.349,42,1
5,117,86,30,105,39.1,0.251,42,0
1,111,94,0,0,32.8,0.265,45,0
4,112,78,40,0,39.4,0.23600000000000002,38,0
1,116,78,29,180,36.1,0.496,25,0
0,141,84,26,0,32.4,0.433,22,0
2,175,88,0,0,22.9,0.326,22,0
2,92,52,0,0,30.1,0.141,22,0
3,130,78,23,79,28.4,0.32299999999999995,34,1
8,120,86,0,0,28.4,0.259,22,1
2,174,88,37,120,44.5,0.6459999999999999,24,1
2,106,56,27,165,29.0,0.426,22,0
2,105,75,0,0,23.3,0.56,53,0
4,95,60,32,0,35.4,0.284,28,0
0,126,86,27,120,27.4,0.515,21,0
8,65,72,23,0,32.0,0.6,42,0
2,99,60,17,160,36.6,0.45299999999999996,21,0
1,102,74,0,0,39.5,0.293,42,1
1,109,58,18,116,28.5,0.21899999999999997,22,0
9,140,94,0,0,32.7,0.7340000000000001,45,1
6,162,62,0,0,24.3,0.17800000000000002,50,1
1,121,78,39,74,39.0,0.261,28,0
3,108,62,24,0,26.0,0.223,25,0
8,154,78,32,0,32.4,0.44299999999999995,45,1
7,137,90,41,0,32.0,0.391,39,0
0,123,72,0,0,36.3,0.258,52,1
1,106,76,0,0,37.5,0.19699999999999998,26,0
2,88,58,26,16,28.4,0.7659999999999999,22,0
9,170,74,31,0,44.0,0.40299999999999997,43,1
9,89,62,0,0,22.5,0.142,33,0
2,122,70,27,0,36.8,0.34,27,0
5,121,72,23,112,26.2,0.245,30,0
1,126,60,0,0,30.1,0.349,47,1
1,93,70,31,0,30.4,0.315,23,0
